id,replyCount,likeCount,publishedAt,authorName,text,authorChannelId,authorChannelUrl,isReply,isReplyTo,isReplyToName
UgxE3iPSQy-1J6HSgGB4AaABAg,0,0,"2025-12-11 06:17:37",@gustavoceballos5327,"Unlike the 2024 and 2025 ‚ÄúHolidays are Coming‚Äù Ads which were made using AI, this one uses live action instead of AI.",UCnUXQkDzCRnwnVzGn6qAkKg,http://www.youtube.com/@gustavoceballos5327,0,,
Ugzh1WTVl6zw2km3orJ4AaABAg,0,0,"2025-12-10 20:13:42",@RoxanaSender,"Thks so much ü´∂‚ú®Ô∏èüéÑ",UCxwirPD3Gp9HmuiSWm5VvIA,http://www.youtube.com/@RoxanaSender,0,,
UgwBKZbdFwZLWK1KGlR4AaABAg,0,0,"2025-12-09 16:39:27",@JustAFurret,"What?! You had an actor you paid for?! Good job massive corporation!",UCVu_MmLHQ0rEHQNF0AweHlw,http://www.youtube.com/@JustAFurret,0,,
UgzCTARQlKw3V62GjTp4AaABAg,0,0,"2025-12-09 14:54:07",@EnrriqueOchoaruiz,"Borren el comercial por favor",UCJiSEu0DFHeBv7Mj32Igumg,http://www.youtube.com/@EnrriqueOchoaruiz,0,,
UgzQf4-Bz3MDO5-Wuy14AaABAg,0,1,"2025-12-09 08:55:02",@christophergcrblx,"I love these CGI Coca-Cola Ads. üòçüòçüòç",UClCpA891ybk2d2dG7BjNneg,http://www.youtube.com/@christophergcrblx,0,,
UgxsOpp5RlqtfoU9R2N4AaABAg,0,2,"2025-12-09 07:33:04",@f-ben,"pretty much the whole spot is AI and its a shame that people do not see that. the way she grabs the bowl out of the box at 0:04, the first shot of the old man holding the guitar right on his chest at 0:13. the violin glitching at 0:24 and there is more to see when you actually look at it.",UCjefkYxYQgagCyULP97J3kg,http://www.youtube.com/@f-ben,0,,
Ugwcqn-kqOsz78wm8q14AaABAg,0,0,"2025-12-09 00:12:33",@ThisIsNotSGHNTZ,"In case you have never seen a guitar in real life: üé∏",UCcI-NZyUjwTG0cL-ZboPqFg,http://www.youtube.com/@ThisIsNotSGHNTZ,0,,
Ugyxa6RTLYQaK36vkEZ4AaABAg,0,0,"2025-12-09 00:09:36",@ThisIsNotSGHNTZ,"And also a guitar neck is straight, not a banana (I can't)",UCcI-NZyUjwTG0cL-ZboPqFg,http://www.youtube.com/@ThisIsNotSGHNTZ,0,,
Ugx4hP_cpLTv9FWZnRJ4AaABAg,0,0,"2025-12-09 00:07:24",@ThisIsNotSGHNTZ,"This is how it should look like: (Kinda) ||| | | | | NOT this!: |/ / | | etc.",UCcI-NZyUjwTG0cL-ZboPqFg,http://www.youtube.com/@ThisIsNotSGHNTZ,0,,
Ugx3djnDitV4Otr-_LR4AaABAg,0,1,"2025-12-09 00:04:29",@ThisIsNotSGHNTZ,"But seriously, why AI don't know how a fretboard looks like?",UCcI-NZyUjwTG0cL-ZboPqFg,http://www.youtube.com/@ThisIsNotSGHNTZ,0,,
Ugy97i31VyZa6Xoji-R4AaABAg,0,0,"2025-12-08 23:52:58",@ThisIsNotSGHNTZ,"At 0:24 the ukulele is floating out of his hands üò≠",UCcI-NZyUjwTG0cL-ZboPqFg,http://www.youtube.com/@ThisIsNotSGHNTZ,0,,
Ugwe_AZfzyeuuOzj3dN4AaABAg,0,0,"2025-12-08 23:45:05",@ThisIsNotSGHNTZ,"It's crazy how close the humans look to actual humans yet still can't generate a guitar accurately",UCcI-NZyUjwTG0cL-ZboPqFg,http://www.youtube.com/@ThisIsNotSGHNTZ,0,,
Ugypw7d6Qg-xkQtFLVx4AaABAg,0,1,"2025-12-08 22:35:25",@ThisIsNotSGHNTZ,"Guys, I was wrong, this is AI too!!!",UCcI-NZyUjwTG0cL-ZboPqFg,http://www.youtube.com/@ThisIsNotSGHNTZ,0,,
Ugym9IVK3fJTYQ-ZMOF4AaABAg,1,1,"2025-12-08 15:30:26",@Nick-mc7fh,"Too bad every single person who worked on this will not be appreciated because you guys decided to use disgusting AI for your main holiday ad‚Ä¶",UCprfX0Fn7sA-VAffJFBFHcw,http://www.youtube.com/@Nick-mc7fh,0,,
Ugym9IVK3fJTYQ-ZMOF4AaABAg.AQTzqASM24nAQUnQfnlO0Y,,0,"2025-12-08 23:01:12",@ThisIsNotSGHNTZ,"This is AI too, at 0:18 the lights on the curtain kind of bends with the woman's hair + guitar neck curves like if it was made by a rubber, also at the top of neck where the tuning thingies are just randomly grows and then shrinks back a little bit.",UCcI-NZyUjwTG0cL-ZboPqFg,http://www.youtube.com/@ThisIsNotSGHNTZ,1,Ugym9IVK3fJTYQ-ZMOF4AaABAg,@Nick-mc7fh
Ugw7-DdSPkfJNkAGDb94AaABAg,0,0,"2025-12-06 09:15:19",@fernandogonzalezfrancocamp9215,"Por mi parte le pongo manita abajo üëé",UCQdKXHyfgeG2kpBrwDeq3iw,http://www.youtube.com/@fernandogonzalezfrancocamp9215,0,,
UgwTbEGSStoKRiksDPx4AaABAg,0,0,"2025-12-06 00:46:07",@DanielMil√°ngracias-j1x4m,"Merry christmas üéÑüéÑüéÖüéÖüéÅüéÅüéäüéä‚≠ê‚≠ê‚ùÑÔ∏è‚ùÑÔ∏è‚òÉÔ∏è‚òÉÔ∏è",UC9lN--OBCAE3MS3ZU0RAgKA,http://www.youtube.com/@DanielMil%C3%A1ngracias-j1x4m,0,,
UgwhsrqRY-bwEJkN9Px4AaABAg,0,0,"2025-12-06 00:21:08",@marcelastafe7123,"Con tanta gente de todas las edades que sabe tocar la guitarra y todo tipo de instrumentos de cuerdas como los de la publicidad, eligen actores que no tienen ni idea qu√© hacer con los dedos o las manos sobre los instrumentos, d√≥nde ponerlos. Tambi√©n, es muy f√°cil utilizar un instrumento real haciendo tunning para que se parezca al que est√° dentro de la burbuja y no usar uno de juguete (para el caso del instrumento peque√±o). Son errores importantes que est√°n ah√≠, a simple vista, dejan muy en evidencia la falsedad con la que intentan interpretar la Navidad. Qu√© publicidad ""berreta"".",UC-uVzW3OxQn6MMCc4BX0DVw,http://www.youtube.com/@marcelastafe7123,0,,
UgwnH7wnMr82bF3Gy9t4AaABAg,0,0,"2025-12-04 18:54:25",@MarioDur√°n-f2n5c,"The people in this Comercial are not real",UC4aVKGJrOa4TxADBz_bHFhg,http://www.youtube.com/@MarioDur%C3%A1n-f2n5c,0,,
UgwS67ewPgMQbuHVOKN4AaABAg,0,1,"2025-12-04 17:46:54",@TheMarkBoy2001,"Felices fiestas a todos aquellos que las pasan solos",UCEIvv-3C1Ma3M7qdrEyC6-Q,http://www.youtube.com/@TheMarkBoy2001,0,,
UgxZ0u0IEF_XoPrlvdZ4AaABAg,2,1,"2025-12-04 02:32:25",@HonorJanas,"What‚Äôs this? Actual effort!?",UCcnF5koaPdfFanOn51uDhEQ,http://www.youtube.com/@HonorJanas,0,,
UgxZ0u0IEF_XoPrlvdZ4AaABAg.AQIIcLTIFpxAQSv-sZxatf,,0,"2025-12-08 05:28:58",@ZelXan,"It says Real Magic at the end. It means made by AI.",UCt2Xb8v69QBzeH6L7mVNjjg,http://www.youtube.com/@ZelXan,1,UgxZ0u0IEF_XoPrlvdZ4AaABAg,@HonorJanas
UgxZ0u0IEF_XoPrlvdZ4AaABAg.AQIIcLTIFpxAQSzIZZuC-n,,1,"2025-12-08 06:06:28",@HonorJanas,"*Special effects.",UCcnF5koaPdfFanOn51uDhEQ,http://www.youtube.com/@HonorJanas,1,UgxZ0u0IEF_XoPrlvdZ4AaABAg,@HonorJanas
Ugzc-_egx4nvVbAR_p54AaABAg,0,0,"2025-12-01 13:37:28",@margieerwin5798,"I love this commercial! ¬°Feliz Navidad!",UCPB-SoCYAWM16QqxZNQ6U9Q,http://www.youtube.com/@margieerwin5798,0,,
Ugzmwu6pmEQjNoZy2NN4AaABAg,0,0,"2025-11-29 21:52:20",@Gousty93,"Que anuncio gerson",UCcT3hn_Y-RuDkY6B3308xFw,http://www.youtube.com/@Gousty93,0,,
UgwMIPHiDPVscCkAdXx4AaABAg,0,3,"2025-11-29 05:41:04",@alexbronynerfman,"There it is there‚Äôs the Christmas commercial I all need no AI just real person with a bottle of Coca-Cola for the holidays.",UCGV2_R4JYmx1xNn0ou6d2Mg,http://www.youtube.com/@alexbronynerfman,0,,
UgwHReaTYKv25_xJ6T54AaABAg,1,2,"2025-11-25 23:23:23",@Cooper-r9t,"These are the ads that make me wanna drink coke, not the ai slop ones.",UC5vlMPLpGkUm2qHaCYRilfQ,http://www.youtube.com/@Cooper-r9t,0,,
UgwHReaTYKv25_xJ6T54AaABAg.APyMcmMuuDWAQSuzGzSoFU,,0,"2025-12-08 05:28:44",@ZelXan,"It says Real Magic at the end. It means made by AI.",UCt2Xb8v69QBzeH6L7mVNjjg,http://www.youtube.com/@ZelXan,1,UgwHReaTYKv25_xJ6T54AaABAg,@Cooper-r9t
Ugx5OJ4zamSAPeqREnx4AaABAg,0,5,"2025-11-24 22:02:32",@adrianmarindiaz6378,"Este por lo menos no est√° hecho con ia",UCGW7G5uMu75BMw8Ef2bQEpw,http://www.youtube.com/@adrianmarindiaz6378,0,,
UgxroV21AqbtZBfk1-F4AaABAg,0,1,"2025-11-21 16:48:23",@Radioactivecookie4367,"Oh wow not AI",UCnDeEWfwI9bHE3_zIexv9ZA,http://www.youtube.com/@Radioactivecookie4367,0,,
UgzeqnavShQoMYycj014AaABAg,0,1,"2025-11-21 13:26:03",@PeteSkins,"That snow globe is full of the AI! Ruined my Christmas.",UCh8Z3oOBTQ57QexCGygO9Zg,http://www.youtube.com/@PeteSkins,0,,
Ugyv4ZlPld1GM_Kaosl4AaABAg,0,0,"2025-11-19 22:40:06",@jangafeed,"THIS‚Ä¶ is what we wanna see",UCjMokSuK_o68DY9W48jywMw,http://www.youtube.com/@jangafeed,0,,
UgwAkmCo379G-t8jDXV4AaABAg,0,1,"2025-11-19 16:52:19",@Frederick-i5w,"Gut rot!!!",UCNQ0ZSaYUHyuydcEBDGHg0g,http://www.youtube.com/@Frederick-i5w,0,,
Ugy49SUdiW3Qkc8iZ7p4AaABAg,1,0,"2025-11-18 23:25:23",@Keagster6,"Wow so how easy it is to not use ai. üñï",UCEFUcBhetJpp5AFIyH5BhVw,http://www.youtube.com/@Keagster6,0,,
Ugy49SUdiW3Qkc8iZ7p4AaABAg.APgLIKw6PZ5AQUnfKLel9o,,0,"2025-12-08 23:03:20",@ThisIsNotSGHNTZ,"This is still AI sadly (Don't worry I also thought this is real)",UCcI-NZyUjwTG0cL-ZboPqFg,http://www.youtube.com/@ThisIsNotSGHNTZ,1,Ugy49SUdiW3Qkc8iZ7p4AaABAg,@Keagster6
UgyubnkOC_fgFQekum54AaABAg,0,0,"2025-11-17 18:23:05",@alenmack3471,"Why use AI for the truck commercials but use real humans for the other commercials? Y‚Äôall were using CGI for the polar bear commercials years ago, what happened to that?",UCD3jaGgMH9t5bSm_FZyAnUg,http://www.youtube.com/@alenmack3471,0,,
UgxyI0_BIkumoiTUCNN4AaABAg,0,0,"2025-11-17 04:03:22",@BlueSkunkGuy,"the redemption arc is crazy with this",UCIyBY1U7Ygb9i4qKfsdl6EA,http://www.youtube.com/@BlueSkunkGuy,0,,
Ugz6_30VTnTOaejgvkx4AaABAg,0,3,"2025-11-17 00:27:02",@EvilNeuro_IITPP,"This shouldn't be exclusive to telemundo and univision, make this the main Christmas ad not just exclusive to hispanic viewers ü•Äüíî",UC1mRIRfIEpd7d4gMK0IVCXA,http://www.youtube.com/@EvilNeuro_IITPP,0,,
UgywMwuKe9xUQtOwgMF4AaABAg,0,0,"2025-11-16 16:05:37",@HeckmanFT7,"this is better than the damned ai one",UCTxdRc3QIQNh7QFQFeS05Yg,http://www.youtube.com/@HeckmanFT7,0,,
Ugxq1whH3a17jEw6O1V4AaABAg,2,0,"2025-11-16 14:35:19",@shine-bd5eo,"You gusy can complain all you want but the rage-bait AI slop gets way more views than this ü§ß",UCa8Jj88sqXJ4S4agTU7cteg,http://www.youtube.com/@shine-bd5eo,0,,
Ugxq1whH3a17jEw6O1V4AaABAg.APaF2GaS3c5AQUnmY0SonK,,0,"2025-12-08 23:04:19",@ThisIsNotSGHNTZ,"This is rage-bait slop, even worse, because this one you can barely see it, I had to double check after receiving a comment, and yes, this is AI.",UCcI-NZyUjwTG0cL-ZboPqFg,http://www.youtube.com/@ThisIsNotSGHNTZ,1,Ugxq1whH3a17jEw6O1V4AaABAg,@shine-bd5eo
Ugxq1whH3a17jEw6O1V4AaABAg.APaF2GaS3c5AQWtoOY2WxJ,,0,"2025-12-09 18:35:29",@shine-bd5eo,"@ThisIsNotSGHNTZ bruh get me off this planet",UCa8Jj88sqXJ4S4agTU7cteg,http://www.youtube.com/@shine-bd5eo,1,Ugxq1whH3a17jEw6O1V4AaABAg,@shine-bd5eo
UgwVGGOcATOtVfSwyqF4AaABAg,0,1,"2025-11-16 13:30:11",@xavierverdes4894,"Veran actuo en √©ste anuncio soy el abuelo. La grabaci√≥n es en directo cantada por los actores. Queria que quedara claro.",UCeEEg6eQARR4AqqwLVDhhFw,http://www.youtube.com/@xavierverdes4894,0,,
Ugw90pVF2Dv-C6ws2Wt4AaABAg,1,0,"2025-11-16 04:28:25",@squidguyfan68,"Yeah I think Pepsi is better",UCQBA7l6wQoXXzC1IKj_lj3w,http://www.youtube.com/@squidguyfan68,0,,
Ugw90pVF2Dv-C6ws2Wt4AaABAg.AP_9aA8VTy9APqdtoUGLd_,,0,"2025-11-22 23:29:04",@solsitooficialdj7120,"HAHAHA üòÇ NOOO!!",UCH0PnBMTZdEhEbeRwitzZ-A,http://www.youtube.com/@solsitooficialdj7120,1,Ugw90pVF2Dv-C6ws2Wt4AaABAg,@squidguyfan68
UgyzMFR6Ps3RIs9Iknt4AaABAg,0,0,"2025-11-16 00:21:00",@RussellBanfield-c6n,"This christmas was amazing. Coca-cola real magic.",UCcz_oPGkp0y9fpO_N7lukOg,http://www.youtube.com/@RussellBanfield-c6n,0,,
UgxGQQuTchxLDyUosyp4AaABAg,0,1,"2025-11-15 22:37:12",@BabyLambCreations,"IT‚ÄôS A CHRISTMAS MIRACLE!",UClrdGCY-dZuNtp2GlAqIQuw,http://www.youtube.com/@BabyLambCreations,0,,
UgymaPZSSAk2uxsQm0Z4AaABAg,0,1,"2025-11-15 16:33:55",@MuffinDoughnut,"I‚Äôm surprised they didn‚Äôt use ai for this",UChl2nEKK5lZ7d2aiZVOWvJQ,http://www.youtube.com/@MuffinDoughnut,0,,
Ugwqm04zO6NpyxG3Krp4AaABAg,0,1,"2025-11-15 14:11:00",@julianacristina380,"Gostei do doguinho ‚ù§",UCyCFd3RNBebLX-awY3pw63Q,http://www.youtube.com/@julianacristina380,0,,
Ugy0ztClk_wxCRK6HAV4AaABAg,1,3,"2025-11-14 19:59:29",@ckopp8142,"There are around 650 likes on this video as compared to 250 dislikes. That's a 3-to-1 likes to dislikes ratio. And guess what? NO AI!",UCLLEPHeE9nNVWNBl8540e7Q,http://www.youtube.com/@ckopp8142,0,,
Ugy0ztClk_wxCRK6HAV4AaABAg.APWfYojSix6AQSv2E_W4N5,,0,"2025-12-08 05:29:17",@ZelXan,"It says Real Magic at the end. It means made by AI.",UCt2Xb8v69QBzeH6L7mVNjjg,http://www.youtube.com/@ZelXan,1,Ugy0ztClk_wxCRK6HAV4AaABAg,@ckopp8142
UgwNWsrZTqHYtXuLBEp4AaABAg,1,1,"2025-11-14 13:03:29",@NewOrderOfAlexandriaBook,"No AI you say? That snow globe looks a bit suspicious",UCXt_be0wzuJQs3tYopuZAPw,http://www.youtube.com/@NewOrderOfAlexandriaBook,0,,
UgwNWsrZTqHYtXuLBEp4AaABAg.APVvwv4GQo0AQUo04DzSFJ,,0,"2025-12-08 23:06:18",@ThisIsNotSGHNTZ,"It's not the snow globe, it's the guitar neck that bends like it was made with a rubber.",UCcI-NZyUjwTG0cL-ZboPqFg,http://www.youtube.com/@ThisIsNotSGHNTZ,1,UgwNWsrZTqHYtXuLBEp4AaABAg,@NewOrderOfAlexandriaBook
UgyWOQYRpyLJfXA7LBR4AaABAg,0,0,"2025-11-14 12:19:46",@dylanposselt,"so much better than the AI slop",UCQTJms8ro6QNuhBslQACs1Q,http://www.youtube.com/@dylanposselt,0,,
UgwhpNr5hllVAo_UHYB4AaABAg,1,2,"2025-11-12 15:56:57",@GSpacmanvice,"Hey guys, if you watch bald guy on the left at 24 seconds in, you can see his goatee fading and coming back, and also the guitar changes and randomly decides to go higher above his hand. This is also AI.",UCLybdZyzL373CNYmVqbJF1w,http://www.youtube.com/@GSpacmanvice,0,,
UgwhpNr5hllVAo_UHYB4AaABAg.APR5CiHC-iiAQUo8-91L5I,,0,"2025-12-08 23:07:23",@ThisIsNotSGHNTZ,"The goatee fading I can't see personally, but the guitar thing is real(I mean, fake), lol.",UCcI-NZyUjwTG0cL-ZboPqFg,http://www.youtube.com/@ThisIsNotSGHNTZ,1,UgwhpNr5hllVAo_UHYB4AaABAg,@GSpacmanvice
UgwKbolSQOh3skGEHyd4AaABAg,0,0,"2025-11-12 14:05:37",@gabrielanaylaponceaguilar8745,"What's happened to advertising? They used to have more beautiful and elaborate ads, like in the years before 2021 and 2022... now there's just something without the messages it used to convey...",UCaYXc5INw_GRTbARMDRPChQ,http://www.youtube.com/@gabrielanaylaponceaguilar8745,0,,
UgydVK4vnd_XF09eIKd4AaABAg,0,0,"2025-11-12 07:52:21",@XV49912,"As the old saying goes, there's no such thing as bad publicityü§£ü§£",UCTgsHBR9oCjyAT-LIH-TuZQ,http://www.youtube.com/@XV49912,0,,
UgwZO5OvtaXYUrz-KQl4AaABAg,2,3,"2025-11-11 21:18:10",@ThisIsNotSGHNTZ,"Fake human? Do NOT write it down!",UCcI-NZyUjwTG0cL-ZboPqFg,http://www.youtube.com/@ThisIsNotSGHNTZ,0,,
UgwZO5OvtaXYUrz-KQl4AaABAg.APP5AR74ul3AQSv1vKsSbk,,1,"2025-12-08 05:29:14",@ZelXan,"It says Real Magic at the end. It means made by AI.",UCt2Xb8v69QBzeH6L7mVNjjg,http://www.youtube.com/@ZelXan,1,UgwZO5OvtaXYUrz-KQl4AaABAg,@ThisIsNotSGHNTZ
UgwZO5OvtaXYUrz-KQl4AaABAg.APP5AR74ul3AQUkN10QfG8,,0,"2025-12-08 22:34:29",@ThisIsNotSGHNTZ,"Holy, ur right, yes, this is AI, I did not see it when I commented this, but now looking back at it I noticed the curtain ""glitch"" at somewhere around 0:18 ‚Äã@ZelXan",UCcI-NZyUjwTG0cL-ZboPqFg,http://www.youtube.com/@ThisIsNotSGHNTZ,1,UgwZO5OvtaXYUrz-KQl4AaABAg,@ThisIsNotSGHNTZ
UgyzeUqtU1QEGLn9Q9x4AaABAg,0,0,"2025-11-11 19:26:20",@StevenToonamianime2012,W,UC3LnD3bZwIITeuD0KB3hbIA,http://www.youtube.com/@StevenToonamianime2012,0,,
UgwJHV404KhKv9Vvesh4AaABAg,0,2,"2025-11-11 15:56:52",@klay4399,"at least they have some brain ig",UCuEFh92bTljNsLJ8z4E8mLw,http://www.youtube.com/@klay4399,0,,
Ugw_0B9Ne_Kw6vneT2t4AaABAg,3,3,"2025-11-11 09:56:13",@moversti92,"More of this. Less of the slop.",UCh0U5-T-akNG6ZHej58Sqgg,http://www.youtube.com/@moversti92,0,,
Ugw_0B9Ne_Kw6vneT2t4AaABAg.APNs7foQlXeAQSv-295w-P,,0,"2025-12-08 05:28:51",@ZelXan,"It says Real Magic at the end. It means made by AI.",UCt2Xb8v69QBzeH6L7mVNjjg,http://www.youtube.com/@ZelXan,1,Ugw_0B9Ne_Kw6vneT2t4AaABAg,@moversti92
Ugw_0B9Ne_Kw6vneT2t4AaABAg.APNs7foQlXeAQUoFUlZdFv,,0,"2025-12-08 23:08:24",@ThisIsNotSGHNTZ,"This is still AI slop unfortunately",UCcI-NZyUjwTG0cL-ZboPqFg,http://www.youtube.com/@ThisIsNotSGHNTZ,1,Ugw_0B9Ne_Kw6vneT2t4AaABAg,@moversti92
Ugw_0B9Ne_Kw6vneT2t4AaABAg.APNs7foQlXeAQVl8EuEgrU,,0,"2025-12-09 08:00:26",@moversti92,"Oh shit, really? Fml",UCh0U5-T-akNG6ZHej58Sqgg,http://www.youtube.com/@moversti92,1,Ugw_0B9Ne_Kw6vneT2t4AaABAg,@moversti92
Ugzk-vu8u6qF7Ss2eyh4AaABAg,2,2,"2025-11-11 04:13:57",@CarlosRamirezOvalle,"I didnt like this commercial, i liked last year better üôÑ",UCuxlrs8Kpynsj1EJ3w_bixg,http://www.youtube.com/@CarlosRamirezOvalle,0,,
Ugzk-vu8u6qF7Ss2eyh4AaABAg.APNFxtAzqGzAPbJ8VA8TPA,,0,"2025-11-17 00:30:22",@EvilNeuro_IITPP,"This none AI ad on airs on telemundo and univision, they use AI for the major English networks. Pepsi has it better",UC1mRIRfIEpd7d4gMK0IVCXA,http://www.youtube.com/@EvilNeuro_IITPP,1,Ugzk-vu8u6qF7Ss2eyh4AaABAg,@CarlosRamirezOvalle
Ugzk-vu8u6qF7Ss2eyh4AaABAg.APNFxtAzqGzAQ1kTG31srL,,0,"2025-11-27 16:17:21",@TonightIsTheNight-s4q,"All of what‚Äôs in this commercial was created by real humans not such a soulless AI",UCxvxUqmu0QmlEbDW7931wkA,http://www.youtube.com/@TonightIsTheNight-s4q,1,Ugzk-vu8u6qF7Ss2eyh4AaABAg,@CarlosRamirezOvalle
Ugw8GRBVfzj5hpOd0DR4AaABAg,0,0,"2025-11-10 20:29:50",@golden_manzen,"so much better",UCsjUpYVp_Ef90_ui_jvMw6Q,http://www.youtube.com/@golden_manzen,0,,
Ugyt--HMz61A0ioL0-R4AaABAg,1,2,"2025-11-10 19:39:36",@YosoyelRedbird35-tw,"This is better than AI garbage",UCVYTKCa6SCLFcdt0-n3N46Q,http://www.youtube.com/@YosoyelRedbird35-tw,0,,
Ugyt--HMz61A0ioL0-R4AaABAg.APML5cc_KukAQSv0j6MkRy,,0,"2025-12-08 05:29:04",@ZelXan,"It says Real Magic at the end. It means made by AI.",UCt2Xb8v69QBzeH6L7mVNjjg,http://www.youtube.com/@ZelXan,1,Ugyt--HMz61A0ioL0-R4AaABAg,@YosoyelRedbird35-tw
Ugw9h0Upe_zrS48GwsJ4AaABAg,1,1,"2025-11-10 02:51:19",@Squidward93,"Everybody says this one is better but it got 16K views while the AI version got 400K. Remember any publicity is good publicity which is why the AI slop is actually better publicity than this!",UCOX9wcDEBZF_M0EOgci6gkQ,http://www.youtube.com/@Squidward93,0,,
Ugw9h0Upe_zrS48GwsJ4AaABAg.APKXhlGBwjUAPP5INIHjih,,1,"2025-11-11 21:19:15",@ThisIsNotSGHNTZ,"Ofc the AI 1 is more popular, you don't have to overthink the reason.",UCcI-NZyUjwTG0cL-ZboPqFg,http://www.youtube.com/@ThisIsNotSGHNTZ,1,Ugw9h0Upe_zrS48GwsJ4AaABAg,@Squidward93
UgxEwYiyJMD7YoRiRDd4AaABAg,0,1,"2025-11-10 00:30:07",@justin_hyde,"At least it's not AI ü§∑",UCROj3e2jtj5pzmITXngBZsg,http://www.youtube.com/@justin_hyde,0,,
Ugx0M1SRb3CoibByhVB4AaABAg,0,0,"2025-11-09 19:21:28",@WeebTogepi,"The canon ad",UCMj6tb5HxR5I7NZySFQsVhw,http://www.youtube.com/@WeebTogepi,0,,
UgwzftCnLcUFJcNtrd14AaABAg,0,3,"2025-11-09 13:20:52",@Imwi,"Este si esta bueno, gracias por recapacitar Coca-Cola.",UCbmEHppKP-uvIFqdhMKHSSw,http://www.youtube.com/@Imwi,0,,
Ugyl6UAFJOTa2xC7B-h4AaABAg,0,0,"2025-11-09 03:57:44",@ayr-372,"there is AI in this",UCnCPSOFf1n5QxDINQV6W-gg,http://www.youtube.com/@ayr-372,0,,
UgyeD9sIHmc1lesu6fN4AaABAg,2,44,"2025-11-09 03:09:48",@thetattooedredhead1206,"I‚Äôm glad they are using actual humans/animals and no AI here. But unfortunately they‚Äôre still using it in other commercials.",UCx36_tESzCPYWUJWt-lctEw,http://www.youtube.com/@thetattooedredhead1206,0,,
UgyeD9sIHmc1lesu6fN4AaABAg.API-1HhDtotAQSv2mINDPp,,1,"2025-12-08 05:29:21",@ZelXan,"It says Real Magic at the end. It means made by AI.",UCt2Xb8v69QBzeH6L7mVNjjg,http://www.youtube.com/@ZelXan,1,UgyeD9sIHmc1lesu6fN4AaABAg,@thetattooedredhead1206
UgyeD9sIHmc1lesu6fN4AaABAg.API-1HhDtotAQW2V4gFkw1,,2,"2025-12-09 10:40:51",@Ambar42,"‚Äã@ZelXanPretty sure the ball thing was AI.",UClwpSdUwdHHtsJ7fBs0NE-Q,http://www.youtube.com/@Ambar42,1,UgyeD9sIHmc1lesu6fN4AaABAg,@thetattooedredhead1206
UgwgK2UB51OlA59NiP94AaABAg,1,3,"2025-11-08 18:31:22",@jesusaxelvaldezbarrera1925,"Que buen homenaje a Jos√© Feliciano por parte de coca cola al usar la canci√≥n de feliz navidad",UCBBMMHDvt5nTbSjb8EwVbTg,http://www.youtube.com/@jesusaxelvaldezbarrera1925,0,,
UgwgK2UB51OlA59NiP94AaABAg.APH3hDW5WXvAQaeC6ddbVa,,0,"2025-12-11 14:55:15",@jazzroman3712,"Siiii, tienes raz√≥n, es la canci√≥n de Jos√© Feliciano. üßëüèΩ‚ÄçüéÑüéÑ",UCWyaU5u5Sp1d-L0AcDroHKw,http://www.youtube.com/@jazzroman3712,1,UgwgK2UB51OlA59NiP94AaABAg,@jesusaxelvaldezbarrera1925
Ugw6OnGdAnsTnepKlst4AaABAg,0,2,"2025-11-08 14:04:28",@karolcpm-,"I just watched the AI video ad from a CNET article (Holidays Are Coming) and my reaction thought it alright. I check out this video and it was truly heart warming, I just had to rewatch again. Feliz Navidad! :D P.S. I rarely experience TV advertisements though I was curious to check out both on YouTube.",UCue7ZlgwuTa-7Dy_nxZaejg,http://www.youtube.com/@karolcpm-,0,,
Ugw5G3GDIn6ISIBdlLt4AaABAg,0,2,"2025-11-07 16:26:58",@WeebTogepi,"I like this",UCMj6tb5HxR5I7NZySFQsVhw,http://www.youtube.com/@WeebTogepi,0,,
Ugxaok92o3NhyqrWm0J4AaABAg,0,2,"2025-11-07 01:39:27",@adaml.5355,"Sugar water destroys your health",UC0AooyxQBZ2i14zHZSJI6uA,http://www.youtube.com/@adaml.5355,0,,
UgyAmOyh8lEP-KV7hOF4AaABAg,1,2,"2025-11-06 21:34:28",@ComMu-b8r,"Finally, an ad that does not use AI",UCZM-Lp_QlvpviHagxZ0MMvQ,http://www.youtube.com/@ComMu-b8r,0,,
UgyAmOyh8lEP-KV7hOF4AaABAg.APCF3T9WyeuAQSuynK-xTb,,0,"2025-12-08 05:28:41",@ZelXan,"It says Real Magic at the end. It means made by AI.",UCt2Xb8v69QBzeH6L7mVNjjg,http://www.youtube.com/@ZelXan,1,UgyAmOyh8lEP-KV7hOF4AaABAg,@ComMu-b8r
Ugzob192aeyZdn8GxWF4AaABAg,2,0,"2025-11-06 21:15:08",@DaltonDiMartino,"but do we KNOW its not AI?ü§∑‚Äç‚ôÇ",UCTc6d6iItpZUv22rEz5XRjQ,http://www.youtube.com/@DaltonDiMartino,0,,
Ugzob192aeyZdn8GxWF4AaABAg.APCCqwGeP1cAPCWg2XmD7P,,1,"2025-11-07 00:08:25",@kenenowka696,"Yes I know, I was very blessed and greatfull to perform in this campaign üòä",UCZzbYNb28632MM16W4bs8gw,http://www.youtube.com/@kenenowka696,1,Ugzob192aeyZdn8GxWF4AaABAg,@DaltonDiMartino
Ugzob192aeyZdn8GxWF4AaABAg.APCCqwGeP1cAQUqNgzeQwz,,0,"2025-12-08 23:27:00",@ThisIsNotSGHNTZ,"‚Äã@kenenowka696Your response to this comment makes no sense",UCcI-NZyUjwTG0cL-ZboPqFg,http://www.youtube.com/@ThisIsNotSGHNTZ,1,Ugzob192aeyZdn8GxWF4AaABAg,@DaltonDiMartino
UgwFqHolKj8SmhNTm6l4AaABAg,3,0,"2025-11-06 08:12:43",@szymonkarpinski-nowak53,"I'm impressed, many people will be fooled into thinking that real people are behind this ad. But no - just look at the shot of the hand holding the snow globe - the skin texture is too flat, and the finger is slightly bent incorrectly according to human anatomy. A lot is also happening as the ""people"" dance - but you just have to look closely, and in the final scene in the house with the group of bots with guitars, you can see how the fattest one's guitar lifts unnaturally at the very end - literally the last 0.2 seconds - such a thing wouldn't happen on a real film set - because why would it? Great, AI has developed to the point that by this time next year, many people in the creative industry will only be able to dream of buying their own Coca-Cola - because they will simply be poor. Good luck!",UCWmqkNRib_IJdj3Gm6HWtuA,http://www.youtube.com/@szymonkarpinski-nowak53,0,,
UgwFqHolKj8SmhNTm6l4AaABAg.APAoJJlydPkAPCVg3khEAy,,0,"2025-11-06 23:59:41",@kenenowka696,"Hello, Im in this add, yes we are real people. Yes some special effects were used... Hence the singing characters in the globe... But real artists here. Thanks for watching and hope you enjoyed the Coca Cola campaign this year. üòä",UCZzbYNb28632MM16W4bs8gw,http://www.youtube.com/@kenenowka696,1,UgwFqHolKj8SmhNTm6l4AaABAg,@szymonkarpinski-nowak53
UgwFqHolKj8SmhNTm6l4AaABAg.APAoJJlydPkAPCWKfmTrXU,,0,"2025-11-07 00:05:22",@kenenowka696,"We are real people/artists, thanks for watching and hope you enjoyed the Coca Cola campaign this year as much as we all enjoyed performing for the Coca Cola's Christmas Campaign this year.",UCZzbYNb28632MM16W4bs8gw,http://www.youtube.com/@kenenowka696,1,UgwFqHolKj8SmhNTm6l4AaABAg,@szymonkarpinski-nowak53
UgwFqHolKj8SmhNTm6l4AaABAg.APAoJJlydPkAQUpyDIjujP,,0,"2025-12-08 23:23:23",@ThisIsNotSGHNTZ,"From 1 to 10 scale how paid you are to make this comment? ‚Äã@kenenowka696",UCcI-NZyUjwTG0cL-ZboPqFg,http://www.youtube.com/@ThisIsNotSGHNTZ,1,UgwFqHolKj8SmhNTm6l4AaABAg,@szymonkarpinski-nowak53
Ugwk78IkszN2khZSV1R4AaABAg,0,0,"2025-11-06 05:32:27",@xavierverdes4894,"Bon√≠tol anuncio con toda la fam√≠lia unida cant√†ndole a la Navidad.üòäüòä",UCeEEg6eQARR4AqqwLVDhhFw,http://www.youtube.com/@xavierverdes4894,0,,
UgxlbIwG5tO84zxep3p4AaABAg,0,1,"2025-11-06 04:10:42",@technicolorfantasies,"Hey Coke, just make this your one commercial. No need to parade around your totally awesome (but not really) AI program.",UCCvgxedltbPCAx_tB4F4QnA,http://www.youtube.com/@technicolorfantasies,0,,
UgzFGuR2zdQir2gFNQF4AaABAg,0,2,"2025-11-06 01:58:33",@fuerza1436,"Merry Christmas2025/joyeux no√©l 2025 Thank You!/Merci! Coca-Cola üá®üá¶Merry Christmas 2025 üá∫üá∏/üá®üá¶ Thank You! Coca-Cola Feliz Navidad 2025 üá≤üáΩGracias! Coca-Cola üá≤üáΩ üå≤üéÖüèªüá®üá¶üá≤üáΩüá∫üá∏",UC7B-5XsyB2-nzeb6E6Ubq8g,http://www.youtube.com/@fuerza1436,0,,
UgyFXq4EY-alQpAyBHd4AaABAg,4,0,"2025-11-05 19:44:25",@gnome2024,"Frankly, this could be all AI also. The snow globe is AI and AI is getting so good that with a good team of devs and after effects you can get these people generated with AI.",UCNjWORs6PYKN5PJkoJQU32g,http://www.youtube.com/@gnome2024,0,,
UgyFXq4EY-alQpAyBHd4AaABAg.AP9TfaGYtJXAPCV0pez6MU,,3,"2025-11-06 23:53:55",@kenenowka696,"Not AI, but a commercial with special effects. Using real artists.",UCZzbYNb28632MM16W4bs8gw,http://www.youtube.com/@kenenowka696,1,UgyFXq4EY-alQpAyBHd4AaABAg,@gnome2024
UgyFXq4EY-alQpAyBHd4AaABAg.AP9TfaGYtJXAPCV91_yhqZ,,3,"2025-11-06 23:55:02",@kenenowka696,"Not AI, but using special effects with real artists.",UCZzbYNb28632MM16W4bs8gw,http://www.youtube.com/@kenenowka696,1,UgyFXq4EY-alQpAyBHd4AaABAg,@gnome2024
UgyFXq4EY-alQpAyBHd4AaABAg.AP9TfaGYtJXAQUq6_g4wZV,,0,"2025-12-08 23:24:40",@ThisIsNotSGHNTZ,‚Äã@kenenowka696Paid,UCcI-NZyUjwTG0cL-ZboPqFg,http://www.youtube.com/@ThisIsNotSGHNTZ,1,UgyFXq4EY-alQpAyBHd4AaABAg,@gnome2024
UgyFXq4EY-alQpAyBHd4AaABAg.AP9TfaGYtJXAQUq8ZT1_qn,,0,"2025-12-08 23:24:56",@ThisIsNotSGHNTZ,‚Äã@kenenowka696Paid,UCcI-NZyUjwTG0cL-ZboPqFg,http://www.youtube.com/@ThisIsNotSGHNTZ,1,UgyFXq4EY-alQpAyBHd4AaABAg,@gnome2024
Ugzbl2jj1muCgvRkAL94AaABAg,0,0,"2025-11-05 16:46:38",@Welshwolf-zq6zy,"Sad that this has 11k views and the ai one has 250k views :/",UCPZkYSQgI47jc0HEsyixddA,http://www.youtube.com/@Welshwolf-zq6zy,0,,
UgyGgnJO4vtdHgJ6RVp4AaABAg,1,2,"2025-11-05 12:00:45",@UnsilliString,"Was it really that hard to get actual actors",UCyIrGIY9PKQH_WxpXOpPVKg,http://www.youtube.com/@UnsilliString,0,,
UgyGgnJO4vtdHgJ6RVp4AaABAg.AP8dbcpsflFAQSv-PG8IyA,,0,"2025-12-08 05:28:54",@ZelXan,"It says Real Magic at the end. It means made by AI.",UCt2Xb8v69QBzeH6L7mVNjjg,http://www.youtube.com/@ZelXan,1,UgyGgnJO4vtdHgJ6RVp4AaABAg,@UnsilliString
UgyUsimcuVPVQd9b5Et4AaABAg,1,40,"2025-11-05 11:23:24",@ManunKanava,"This is the kind of ad we wanted. Not the AI slop one....",UC_sbj9GXYaXdsOdvli0CFDg,http://www.youtube.com/@ManunKanava,0,,
UgyUsimcuVPVQd9b5Et4AaABAg.AP8_Kxoke19AQSuuW31rii,,1,"2025-12-08 05:28:05",@ZelXan,"It says Real Magic at the end. It means made by AI.",UCt2Xb8v69QBzeH6L7mVNjjg,http://www.youtube.com/@ZelXan,1,UgyUsimcuVPVQd9b5Et4AaABAg,@ManunKanava
UgyI41IyxOHsI9N0x4B4AaABAg,0,0,"2025-11-05 02:17:37",@itcu185,"This is complete horsesh*t time to drink PEPSI ! coke just kicked every Christian in the nuts by not acknoweding that actually people cemebrate",UCwFXEQXrqWevOxCJauNsq5g,http://www.youtube.com/@itcu185,0,,
UgzgI31HFsW4S7PiJ5B4AaABAg,1,31,"2025-11-05 00:10:33",@Dunkywunkyisamazing,"THIS IS WHAT WE WANT COKE NOT AI SLOP üôèüôèüôè",UCD8cHJDLyyzSrz9AzqOygdA,http://www.youtube.com/@Dunkywunkyisamazing,0,,
UgzgI31HFsW4S7PiJ5B4AaABAg.AP7NKsqTQpRAQSuu1g-1y7,,2,"2025-12-08 05:28:01",@ZelXan,"It says Real Magic at the end. It means made by AI.",UCt2Xb8v69QBzeH6L7mVNjjg,http://www.youtube.com/@ZelXan,1,UgzgI31HFsW4S7PiJ5B4AaABAg,@Dunkywunkyisamazing
UgxhlmX_5UQr5IYlaUp4AaABAg,0,0,"2025-11-04 21:33:40",@shrubbush-ts4ty,"RIGHT AFTER THAT! ARE YOU INSANE",UCIfAeNbW8Ck6XZF39xlMAfA,http://www.youtube.com/@shrubbush-ts4ty,0,,
Ugz930T6m2Inp7ulGqx4AaABAg,2,57,"2025-11-04 20:43:20",@nyanpirethecat2257,"Oh look, a new Coca-Cola Christmas commercial that actually stars real humans and uses actual editors!",UCGNv9Gd43ZEjGbTkTmOq0bg,http://www.youtube.com/@nyanpirethecat2257,0,,
Ugz930T6m2Inp7ulGqx4AaABAg.AP7-cAbAHD8APckD2888PO,,2,"2025-11-17 13:54:53",@gaddummit,"Yeah completely wasting real people's time and stressing them out for this dystopian worthless ad is really awesome, can we please just get UBI",UCYJIKdSLPgJowBrVuF1DJ3g,http://www.youtube.com/@gaddummit,1,Ugz930T6m2Inp7ulGqx4AaABAg,@nyanpirethecat2257
Ugz930T6m2Inp7ulGqx4AaABAg.AP7-cAbAHD8AQSuxgNASAR,,0,"2025-12-08 05:28:32",@ZelXan,"It says Real Magic at the end. It means made by AI.",UCt2Xb8v69QBzeH6L7mVNjjg,http://www.youtube.com/@ZelXan,1,Ugz930T6m2Inp7ulGqx4AaABAg,@nyanpirethecat2257
UgwO62zVn_jL80yXFvZ4AaABAg,1,7,"2025-11-04 20:27:09",@BrunoL√≥pezMXoriginal,"Yep this is better then the ai commercial",UCCWZ47uOSR5esFysavBElKQ,http://www.youtube.com/@BrunoL%C3%B3pezMXoriginal,0,,
UgwO62zVn_jL80yXFvZ4AaABAg.AP6ylhAdIhlAQSuwwPh--X,,0,"2025-12-08 05:28:25",@ZelXan,"It says Real Magic at the end. It means made by AI.",UCt2Xb8v69QBzeH6L7mVNjjg,http://www.youtube.com/@ZelXan,1,UgwO62zVn_jL80yXFvZ4AaABAg,@BrunoL√≥pezMXoriginal
UgyYWR6zJXrJ9_beie54AaABAg,0,6,"2025-11-04 19:04:17",@b-manmovies2032,"*everyone liked that*",UCrzYP6sA9rphIbmWKuzq0Rg,http://www.youtube.com/@b-manmovies2032,0,,
Ugz6KabblTJY-q6Mtl54AaABAg,0,1,"2025-11-04 18:49:45",@viva_Rambo_23,"FELIZ NAVIDADüó£üî• -Feliciano",UCvBOkyMmZoNw1PyO06E-JUg,http://www.youtube.com/@viva_Rambo_23,0,,
Ugwj9q9Om_nOMju9doZ4AaABAg,1,0,"2025-11-04 14:11:16",@swarnendubose4123,"Now the world will get confused again. This is Real Magic . an AI Masterpiece!!! @Coca-Cola",UCmUu_cvO6wqVXX4_1QjvYsA,http://www.youtube.com/@swarnendubose4123,0,,
Ugwj9q9Om_nOMju9doZ4AaABAg.AP6IkaaZ7MWAPCUt3_L1vT,,0,"2025-11-06 23:52:43",@kenenowka696,"Not AI... Coca-Cola using artists",UCZzbYNb28632MM16W4bs8gw,http://www.youtube.com/@kenenowka696,1,Ugwj9q9Om_nOMju9doZ4AaABAg,@swarnendubose4123
Ugxd8N4CCLofNNNpr4h4AaABAg,1,68,"2025-11-04 13:58:06",@UmbrellaTree1987,"Now this is the true Christmas spirit, no AI slop and also a lovely classic Christmas song",UCtYWijladC46LbDQKSaZCCg,http://www.youtube.com/@UmbrellaTree1987,0,,
Ugxd8N4CCLofNNNpr4h4AaABAg.AP6HF81y0HlAQSv3WVHewc,,2,"2025-12-08 05:29:27",@ZelXan,"It says Real Magic at the end. It means made by AI.",UCt2Xb8v69QBzeH6L7mVNjjg,http://www.youtube.com/@ZelXan,1,Ugxd8N4CCLofNNNpr4h4AaABAg,@UmbrellaTree1987
UgztJGfmyys--jVaxRJ4AaABAg,1,12,"2025-11-04 13:48:22",@Vulcan-Aurora,"This ad is GREAT, please bring back REAL videos.",UCq6OooFykfFg4opsjrYliiw,http://www.youtube.com/@Vulcan-Aurora,0,,
UgztJGfmyys--jVaxRJ4AaABAg.AP6G7rHV9yFAQSuwUD_-Ff,,0,"2025-12-08 05:28:22",@ZelXan,"It says Real Magic at the end. It means made by AI.",UCt2Xb8v69QBzeH6L7mVNjjg,http://www.youtube.com/@ZelXan,1,UgztJGfmyys--jVaxRJ4AaABAg,@Vulcan-Aurora
UgyxYnuriWRmqmvDrux4AaABAg,0,14,"2025-11-04 13:00:07",@jom0238,"For 2026, send the AI generated truck team to live on a farm upstate, then pay these guys to make the next one instead. Significantly better.",UCvrn3QUETzZ_OakGqUlwKNw,http://www.youtube.com/@jom0238,0,,
UgyhbErRlf2JnFU7OMl4AaABAg,2,50,"2025-11-04 01:23:06",@derekc.6155,"Better than the ai slop commercial",UCEVNa_YGbn5FLOClMvHnAOw,http://www.youtube.com/@derekc.6155,0,,
UgyhbErRlf2JnFU7OMl4AaABAg.AP4vqO5UQc_APYtXYF4DJ-,,0,"2025-11-15 16:40:08",@bobloxplayer_8721,fr,UCBzaj3n-049q_sSZVV8Va1A,http://www.youtube.com/@bobloxplayer_8721,1,UgyhbErRlf2JnFU7OMl4AaABAg,@derekc.6155
UgyhbErRlf2JnFU7OMl4AaABAg.AP4vqO5UQc_AQSuvuoBdqm,,0,"2025-12-08 05:28:17",@ZelXan,"It says Real Magic at the end. It means made by AI.",UCt2Xb8v69QBzeH6L7mVNjjg,http://www.youtube.com/@ZelXan,1,UgyhbErRlf2JnFU7OMl4AaABAg,@derekc.6155
UgxsOdoligPd1B3966V4AaABAg,1,1,"2025-11-04 00:58:15",@rudyyuaji,"¬øC√≥mo es posible que esto sea ia? üò¢",UCf__mL21OTM3ri4r4T3S7Ow,http://www.youtube.com/@rudyyuaji,0,,
UgxsOdoligPd1B3966V4AaABAg.AP4t-MXSabEAP5cGE5tWil,,2,"2025-11-04 07:51:14",@Erableto,"No lo es. El de IA es el de ""Holidays Are Coming"".",UCnPmbIdesNtbymKqKgWRiug,http://www.youtube.com/@Erableto,1,UgxsOdoligPd1B3966V4AaABAg,@rudyyuaji
Ugx3HtESddCxWnBi7ZN4AaABAg,0,10,"2025-11-04 00:04:36",@Novistadors,"More of this PLEASE!! More reality!!",UCFl27aQ1FcvLaPnAatqlzTw,http://www.youtube.com/@Novistadors,0,,
UgzgRd07ck2yeYt09kd4AaABAg,25,251,"2025-11-03 23:51:19",@SonofMrPeanut,"Thank you for not using gen AI on this one. Please do that for all your ads (including that new slop accompanying this in Holiday '25).",UCtabfV8EswgI2HTfIwMlo7A,http://www.youtube.com/@SonofMrPeanut,0,,
UgzgRd07ck2yeYt09kd4AaABAg.AP4lLEDwunuAP8K8YzrN1T,,7,"2025-11-05 09:01:53",@JamStudios11,"They use Ai",UCICD-Fvl3Gor6c2q2EjdNew,http://www.youtube.com/@JamStudios11,1,UgzgRd07ck2yeYt09kd4AaABAg,@SonofMrPeanut
UgzgRd07ck2yeYt09kd4AaABAg.AP4lLEDwunuAP8K9ORzSQC,,8,"2025-11-05 09:02:00",@JamStudios11,"This is Ai",UCICD-Fvl3Gor6c2q2EjdNew,http://www.youtube.com/@JamStudios11,1,UgzgRd07ck2yeYt09kd4AaABAg,@SonofMrPeanut
UgzgRd07ck2yeYt09kd4AaABAg.AP4lLEDwunuAPCTe0sEHkU,,4,"2025-11-06 23:41:56",@kenenowka696,"Happy that you enjoyed this commercial.üéâ",UCZzbYNb28632MM16W4bs8gw,http://www.youtube.com/@kenenowka696,1,UgzgRd07ck2yeYt09kd4AaABAg,@SonofMrPeanut
UgzgRd07ck2yeYt09kd4AaABAg.AP4lLEDwunuAPCTuGMm_Nr,,13,"2025-11-06 23:44:09",@kenenowka696,"‚Äã@JamStudios11this is not AI, I performed in this commercial.",UCZzbYNb28632MM16W4bs8gw,http://www.youtube.com/@kenenowka696,1,UgzgRd07ck2yeYt09kd4AaABAg,@SonofMrPeanut
UgzgRd07ck2yeYt09kd4AaABAg.AP4lLEDwunuAPF9GErMOm8,,15,"2025-11-08 00:41:30",@chelledoggo,"The snowglobe was most likely AI. But if they'd just used CG for the snowglobe and kept everything else the same, this would be a solid ad.",UC0RQBKjFgp0BmO2D0YHvnbg,http://www.youtube.com/@chelledoggo,1,UgzgRd07ck2yeYt09kd4AaABAg,@SonofMrPeanut
UgzgRd07ck2yeYt09kd4AaABAg.AP4lLEDwunuAPMdZJ-36M-,,2,"2025-11-10 22:29:40",@abby4049,"Better withou IA",UCj9mzHQOVMrM690WAFZ3YaA,http://www.youtube.com/@abby4049,1,UgzgRd07ck2yeYt09kd4AaABAg,@SonofMrPeanut
UgzgRd07ck2yeYt09kd4AaABAg.AP4lLEDwunuAPR4uQqZyst,,1,"2025-11-12 15:54:19",@GSpacmanvice,"Sorry to say but slowing down this video, this is also entirely AI.",UCLybdZyzL373CNYmVqbJF1w,http://www.youtube.com/@GSpacmanvice,1,UgzgRd07ck2yeYt09kd4AaABAg,@SonofMrPeanut
UgzgRd07ck2yeYt09kd4AaABAg.AP4lLEDwunuAPaLphBk1Ac,,4,"2025-11-16 15:34:38",@suppress4872,"@GSpacmanvice THIS ad isn't ai, but the holiday one was",UC3F3rUIDv5t9cnBQ7bsERQQ,http://www.youtube.com/@suppress4872,1,UgzgRd07ck2yeYt09kd4AaABAg,@SonofMrPeanut
UgzgRd07ck2yeYt09kd4AaABAg.AP4lLEDwunuAPcjxTBHaUY,,2,"2025-11-17 13:52:37",@gaddummit,"Honestly I'd rather them use AI than forcing someone to participate in this weird dystopian ad, if they still paid them the same (but they just lay people off)",UCYJIKdSLPgJowBrVuF1DJ3g,http://www.youtube.com/@gaddummit,1,UgzgRd07ck2yeYt09kd4AaABAg,@SonofMrPeanut
UgzgRd07ck2yeYt09kd4AaABAg.AP4lLEDwunuAPcu_7V5AlO,,3,"2025-11-17 15:25:26",@suppress4872,"‚Äã@gaddummitbruh what is this take",UC3F3rUIDv5t9cnBQ7bsERQQ,http://www.youtube.com/@suppress4872,1,UgzgRd07ck2yeYt09kd4AaABAg,@SonofMrPeanut
UgzgRd07ck2yeYt09kd4AaABAg.AP4lLEDwunuAPoOKmaEtTI,,1,"2025-11-22 02:25:51",@VictorGonzalez-xs9oc,"‚Äã@chelledoggo that doesn't look like AI because they won't make it perfect with AI, this is more like CGI than AI.",UC2G-_T0ZfOGO4nZWNChpgVw,http://www.youtube.com/@VictorGonzalez-xs9oc,1,UgzgRd07ck2yeYt09kd4AaABAg,@SonofMrPeanut
UgzgRd07ck2yeYt09kd4AaABAg.AP4lLEDwunuAPoO_U1ZYBC,,1,"2025-11-22 02:28:00",@VictorGonzalez-xs9oc,"‚Äã@gaddummit no, AI isn't good. No body ask for AI, this snowglobe is CGI.",UC2G-_T0ZfOGO4nZWNChpgVw,http://www.youtube.com/@VictorGonzalez-xs9oc,1,UgzgRd07ck2yeYt09kd4AaABAg,@SonofMrPeanut
UgzgRd07ck2yeYt09kd4AaABAg.AP4lLEDwunuAPoOmai7PBZ,,2,"2025-11-22 02:29:47",@VictorGonzalez-xs9oc,"‚Äã@JamStudios11 no, this doesn't look like AI in this one. Those are real people and the snowglobe is in CGI.",UC2G-_T0ZfOGO4nZWNChpgVw,http://www.youtube.com/@VictorGonzalez-xs9oc,1,UgzgRd07ck2yeYt09kd4AaABAg,@SonofMrPeanut
UgzgRd07ck2yeYt09kd4AaABAg.AP4lLEDwunuAPpMZPRi-wI,,0,"2025-11-22 11:29:37",@gaddummit,"@VictorGonzalez-xs9oc ""AI isn't good"" it definitely can be good and should be used for good",UCYJIKdSLPgJowBrVuF1DJ3g,http://www.youtube.com/@gaddummit,1,UgzgRd07ck2yeYt09kd4AaABAg,@SonofMrPeanut
UgzgRd07ck2yeYt09kd4AaABAg.AP4lLEDwunuAPpk8crEkoO,,3,"2025-11-22 15:04:25",@VictorGonzalez-xs9oc,"‚Äã@gaddummit hadn't you see other Coca-Cola Christmas AI commercial behind the scene? They were trying to trick everyone by making it look like they are using a pen to touch the screen which it didn't touch the screen, they make it look like they are drawing the design, they didn't show who make the AI, so they show some CGI to make it look like it not CGI, but they fail to hide it.",UC2G-_T0ZfOGO4nZWNChpgVw,http://www.youtube.com/@VictorGonzalez-xs9oc,1,UgzgRd07ck2yeYt09kd4AaABAg,@SonofMrPeanut
UgzgRd07ck2yeYt09kd4AaABAg.AP4lLEDwunuAQISdZRVSwp,,0,"2025-12-04 03:59:58",@Ÿ¥Ÿ¥Ÿ¥Ÿ¥€•€•Ÿ¥Ÿ¥Ÿ¥Ÿ¥€•€•Ÿ¥€•Ÿ¥Ÿ¥Ÿ¥Ÿ¥€•€•3ÿÆ,"@kenenowka696Yes, but they use AI.",UCFPKhO88JVT25sCBH4q9dYg,http://www.youtube.com/@%D9%B4%D9%B4%D9%B4%D9%B4%DB%A5%DB%A5%D9%B4%D9%B4%D9%B4%D9%B4%DB%A5%DB%A5%D9%B4%DB%A5%D9%B4%D9%B4%D9%B4%D9%B4%DB%A5%DB%A53%D8%AE,1,UgzgRd07ck2yeYt09kd4AaABAg,@SonofMrPeanut
UgzgRd07ck2yeYt09kd4AaABAg.AP4lLEDwunuAQUor-KB5y_,,0,"2025-12-08 23:13:40",@ThisIsNotSGHNTZ,"‚Äã@kenenowka696Paid comment",UCcI-NZyUjwTG0cL-ZboPqFg,http://www.youtube.com/@ThisIsNotSGHNTZ,1,UgzgRd07ck2yeYt09kd4AaABAg,@SonofMrPeanut
UgzgRd07ck2yeYt09kd4AaABAg.AP4lLEDwunuAQUqhS57pLd,,0,"2025-12-08 23:29:50",@ThisIsNotSGHNTZ,"‚Äã@suppress4872This IS AI. Just take a screenshot of the guitar and check how much the neck curves for no reason, lmao. Always double check, I need to keep this in mind too.",UCcI-NZyUjwTG0cL-ZboPqFg,http://www.youtube.com/@ThisIsNotSGHNTZ,1,UgzgRd07ck2yeYt09kd4AaABAg,@SonofMrPeanut
UgzgRd07ck2yeYt09kd4AaABAg.AP4lLEDwunuAQUv3GzSCYU,,0,"2025-12-09 00:07:54",@suppress4872,"‚Äã@ThisIsNotSGHNTZin the globe? That's just how reflection works",UC3F3rUIDv5t9cnBQ7bsERQQ,http://www.youtube.com/@suppress4872,1,UgzgRd07ck2yeYt09kd4AaABAg,@SonofMrPeanut
UgzgRd07ck2yeYt09kd4AaABAg.AP4lLEDwunuAQUvGlrMDok,,0,"2025-12-09 00:09:45",@suppress4872,"Granted I'm on mobile rn and can only see like 144p but I see no curving‚Äã@ThisIsNotSGHNTZ",UC3F3rUIDv5t9cnBQ7bsERQQ,http://www.youtube.com/@suppress4872,1,UgzgRd07ck2yeYt09kd4AaABAg,@SonofMrPeanut
UgzgRd07ck2yeYt09kd4AaABAg.AP4lLEDwunuAQUvNgqITTo,,0,"2025-12-09 00:10:42",@ThisIsNotSGHNTZ,"NOT in the globe lmao ‚Äã@suppress4872",UCcI-NZyUjwTG0cL-ZboPqFg,http://www.youtube.com/@ThisIsNotSGHNTZ,1,UgzgRd07ck2yeYt09kd4AaABAg,@SonofMrPeanut
UgzgRd07ck2yeYt09kd4AaABAg.AP4lLEDwunuAQUvmp-BxcB,,0,"2025-12-09 00:14:16",@ThisIsNotSGHNTZ,"‚Äã@suppress4872Everything is just so wrong with the guitar(And the ukulele) I can't üò≠",UCcI-NZyUjwTG0cL-ZboPqFg,http://www.youtube.com/@ThisIsNotSGHNTZ,1,UgzgRd07ck2yeYt09kd4AaABAg,@SonofMrPeanut
UgzgRd07ck2yeYt09kd4AaABAg.AP4lLEDwunuAQUx0GHEWPA,,0,"2025-12-09 00:24:58",@suppress4872,"‚Äã@ThisIsNotSGHNTZI see like 2 pixels on mobile",UC3F3rUIDv5t9cnBQ7bsERQQ,http://www.youtube.com/@suppress4872,1,UgzgRd07ck2yeYt09kd4AaABAg,@SonofMrPeanut
UgzgRd07ck2yeYt09kd4AaABAg.AP4lLEDwunuAQYYEFpZvoL,,0,"2025-12-10 09:56:39",@f-ben,"‚Äã@suppress4872 pretty much the whole spot is AI. If you can not see it thats fine but dont try to convince others that it isnt. See my comment for timestamps where you can actually see AI glitches",UCjefkYxYQgagCyULP97J3kg,http://www.youtube.com/@f-ben,1,UgzgRd07ck2yeYt09kd4AaABAg,@SonofMrPeanut
UgzgRd07ck2yeYt09kd4AaABAg.AP4lLEDwunuAQYYHoc8IQE,,0,"2025-12-10 09:57:08",@f-ben,"‚Äã@VictorGonzalez-xs9octhose are not real people. The whole spot is AI",UCjefkYxYQgagCyULP97J3kg,http://www.youtube.com/@f-ben,1,UgzgRd07ck2yeYt09kd4AaABAg,@SonofMrPeanut
Ugz8Cba6VxLco5dH9XJ4AaABAg,0,0,"2025-11-03 22:54:49",@isaacrodriguez3498,"Ya se nos fue el a√±o, Feliz Navidad 2025 üéÑ üéâ",UC6Ytrd8EWXHZrETPEsEwzwQ,http://www.youtube.com/@isaacrodriguez3498,0,,
UgwsPQrzqJb7qNpkiXF4AaABAg,0,56,"2025-11-03 21:06:31",@lord.liberty,"I still miss the coca cola trucks though... Please bring it back without ai",UCR0WlxaD74P7fFkNUhPwb0Q,http://www.youtube.com/@lord.liberty,0,,
Ugzgi52kAF_Lp26xOOd4AaABAg,6,23,"2025-11-03 17:24:10",@MrBlobbyXTRAsBackupaccount2,"A better one finally!",UCCC9VwYiEdaPTk4mYc_9f4Q,http://www.youtube.com/@MrBlobbyXTRAsBackupaccount2,0,,
Ugzgi52kAF_Lp26xOOd4AaABAg.AP441ZokyUrAQSuyFDvESW,,0,"2025-12-08 05:28:36",@ZelXan,"It says Real Magic at the end. It means made by AI.",UCt2Xb8v69QBzeH6L7mVNjjg,http://www.youtube.com/@ZelXan,1,Ugzgi52kAF_Lp26xOOd4AaABAg,@MrBlobbyXTRAsBackupaccount2
Ugzgi52kAF_Lp26xOOd4AaABAg.AP441ZokyUrAQU9ZgnlM8W,,0,"2025-12-08 17:04:10",@RPM-3,"@ZelXan No it doesn't thats just a slogan.",UCppCeB2d3fH_ArP7kXLJh0g,http://www.youtube.com/@RPM-3,1,Ugzgi52kAF_Lp26xOOd4AaABAg,@MrBlobbyXTRAsBackupaccount2
Ugzgi52kAF_Lp26xOOd4AaABAg.AP441ZokyUrAQUpfPDuU4-,,0,"2025-12-08 23:20:49",@ThisIsNotSGHNTZ,"Yes, because a guitar neck bends like a banana @RPM-3",UCcI-NZyUjwTG0cL-ZboPqFg,http://www.youtube.com/@ThisIsNotSGHNTZ,1,Ugzgi52kAF_Lp26xOOd4AaABAg,@MrBlobbyXTRAsBackupaccount2
Ugzgi52kAF_Lp26xOOd4AaABAg.AP441ZokyUrAQUt6xeRlWy,,0,"2025-12-08 23:50:56",@RPM-3,"@ThisIsNotSGHNTZ Where I dont see it wtf?",UCppCeB2d3fH_ArP7kXLJh0g,http://www.youtube.com/@RPM-3,1,Ugzgi52kAF_Lp26xOOd4AaABAg,@MrBlobbyXTRAsBackupaccount2
Ugzgi52kAF_Lp26xOOd4AaABAg.AP441ZokyUrAQUu7y0_VJs,,0,"2025-12-08 23:59:48",@ThisIsNotSGHNTZ,"After 0:22 when the old guy is playing, you can either take a screeshot or pause and check with a ruler how unnaturaly it bends, you might want to do it with multiple screenshots, also the spacing of the fretboard is messed up, but it's difficult to explain if you don't have a guitar + at 0:24 the ukulele just floats out of the bald guy's hand, lmao @RPM-3",UCcI-NZyUjwTG0cL-ZboPqFg,http://www.youtube.com/@ThisIsNotSGHNTZ,1,Ugzgi52kAF_Lp26xOOd4AaABAg,@MrBlobbyXTRAsBackupaccount2
Ugzgi52kAF_Lp26xOOd4AaABAg.AP441ZokyUrAQX7IrV0g7V,,0,"2025-12-09 20:42:06",@RPM-3,"@ThisIsNotSGHNTZ oh.. lmfao thats insane",UCppCeB2d3fH_ArP7kXLJh0g,http://www.youtube.com/@RPM-3,1,Ugzgi52kAF_Lp26xOOd4AaABAg,@MrBlobbyXTRAsBackupaccount2
Ugy5whIRCayTmg3--0x4AaABAg,1,8,"2025-11-03 14:03:03",@nohaynada18,"Desde Noviembre se siente que viene diciembre",UCxhwsmw6CMySc5qwnSQtorQ,http://www.youtube.com/@nohaynada18,0,,
Ugy5whIRCayTmg3--0x4AaABAg.AP3i0c3a4ONAP4sYF1P_ns,,0,"2025-11-04 00:54:17",@greenamogus,"Olimpica Stereoooo Se metioooo",UCURxECeBzYYQuwdYlZmkYiw,http://www.youtube.com/@greenamogus,1,Ugy5whIRCayTmg3--0x4AaABAg,@nohaynada18
UgzcvOf_1G12nEhqmXF4AaABAg,0,13,"2025-11-03 13:55:05",@RobertValenciaPIrob,"Ahora si ya comenz√≥ la v√≠spera de navidad que bien por coca-cola",UC416rDO_wcthHOJ-iryP0gw,http://www.youtube.com/@RobertValenciaPIrob,0,,
Ugwq_0GUA11C6ADMnY14AaABAg,0,14,"2025-11-03 13:37:00",@WhazupScorbunny,"Feliz navidad coca colaüòÅ",UCXT7Cxc-aL-GL6bZM3X9sRQ,http://www.youtube.com/@WhazupScorbunny,0,,
UgzDF7XvyvBjccm5aS14AaABAg,0,4,"2025-11-03 13:36:11",@BernaysPropaganda,"Coke ftw - y‚Äôall reflexively create joy in your iconic brand ‚ù§",UC4Rz_jh_XmQaeQ7aZLnHQXw,http://www.youtube.com/@BernaysPropaganda,0,,
